,,ncr,car,r1,r2,r3,r4a,r4b,r5,r6,r7,r8,r9,r10,r11,r12,r13,armm
1994,Jan,38.6,39.6,40,39.6,39,37.4,40.3,35.7,40.3,37.1,37.4,35.9,34.2,37.4,39.9,35.3,31.4
1994,Feb,39.2,40.2,40.1,39.6,39.3,37.9,40.5,36,40.3,37.6,37.9,36.4,34.6,37.7,40.1,36,31.6
1994,Mar,39.1,40.2,39.9,39.3,39.6,37.8,40.2,36,40.3,37.4,37.9,36.4,34.5,37.4,40.2,35.7,31.5
1994,Apr,39.2,40.7,40,39.4,39.8,38,40.2,36,40.3,37.4,38.1,36.4,34.6,37.6,40.4,35.7,31.5
1994,May,39.4,41.1,40.4,39.6,40,38,40.4,36.2,40.8,37.5,38.1,36.6,34.8,37.7,40.5,35.8,31.7
1994,Jun,39.5,41.1,40.6,39.9,40.3,38.3,40.5,36.3,40.9,37.8,38.4,37.2,35,37.7,40.7,36,31.8
1994,Jul,39.7,41.5,40.8,40.2,40.5,38.4,40.7,36.7,41.1,38.1,38.7,37.5,35.1,38.2,41.3,36.2,31.9
1994,Aug,40,41.8,41.3,40.2,40.9,38.8,41.1,36.9,41.2,38.3,39,38.2,35.4,38.2,41.6,36.4,32.3
1994,Sep,39.9,42.2,41.4,40.5,40.8,38.9,41.3,36.9,41.3,38.3,39.2,38.4,35.5,38.3,41.8,36.6,32.5
1994,Oct,39.9,42.1,41.4,40.4,40.8,38.9,41.2,37,41.5,38.4,39.3,38.3,35.6,38.5,41.9,36.6,32.6
1994,Nov,39.7,42,41.5,40.5,40.8,39,41.3,37.1,41.5,38.4,39.3,38.4,35.7,38.6,41.9,36.6,32.6
1994,Dec,39.9,42,41.3,40.5,40.9,39.1,41.4,37.5,41.5,38.5,39.4,38.3,35.8,38.8,42,36.7,32.6
1995,Jan,40.7,42.1,42.4,40.9,41.5,39.8,41.9,38.2,42.3,39.4,40,39.8,37.3,39.1,42.6,37.1,33.5
1995,Feb,41,42.3,42.5,40.9,41.5,40.2,41.9,38.4,42.6,39.4,40.5,40.1,37.5,39.3,42.8,37.1,33.5
1995,Mar,41.2,42.3,42.6,40.9,41.5,40.1,42,38.6,42.7,39.6,40.5,40.3,37.5,39.4,42.9,37.2,33.7
1995,Apr,41.6,42.3,42.7,40.9,41.5,40.2,42.1,38.6,42.9,39.7,40.8,40.2,37.7,39.4,42.9,37.3,33.9
1995,May,42.3,42.5,42.9,41.3,41.7,40.4,42.4,38.9,43,39.8,41.1,40.3,38,39.6,43.3,37.4,34.1
1995,Jun,42.3,43,43.4,41.8,41.8,40.6,42.9,39.4,43.7,40.1,41.5,40.7,38.3,39.9,43.6,37.6,34.3
1995,Jul,42.2,43.3,43.6,42,42,40.9,43.5,40,44,40.4,41.7,40.6,38.6,40.2,44.2,38.1,34.7
1995,Aug,42.7,43.8,44,42.9,42.6,41.4,44.3,40.5,44.6,40.5,42.2,40.9,38.8,40.6,44.6,38.7,35
1995,Sep,43.2,44.7,44.4,43.3,43.3,42.1,45.1,41.7,44.7,41.3,42.8,41.7,39.3,40.9,45.2,40,35.3
1995,Oct,43.6,44.6,44.6,43.1,43.4,42,44.9,41.5,44.4,41.1,43.7,41.7,39.3,41,45.2,39.7,35.2
1995,Nov,43.3,44.9,44.7,43.3,43.6,42.1,44.8,41.8,44.5,41.2,43.6,42,39.3,41.2,45.2,39.9,35.4
1995,Dec,43.3,44.6,44.7,43.6,43.8,42.1,44.6,42.2,44.7,41.3,43.8,42.4,39.6,41.3,45.3,39.7,35.7
1996,Jan,44.5,45.7,46.1,44.7,44.8,43.3,46.2,43.6,45.9,42.5,46.1,43.4,40.9,42.2,46.8,40.7,37.4
1996,Feb,44.9,45.9,46.1,45,45,43.3,46.5,43.8,46.2,42.7,46.7,45,41.4,42.4,47,41.4,37.7
1996,Mar,45,46.1,46.2,45,45.3,43.3,46.5,44,46.2,42.9,46.8,45.4,41.4,42.5,47.1,41.5,38
1996,Apr,45.5,46.4,46.3,45.4,45.5,43.4,46.7,44,46.4,43,46.9,45.3,41.3,42.7,47.2,41.5,37.9
1996,May,45.6,46.3,46.5,45.7,45.6,43.5,46.8,44.3,46.6,43.2,46.7,45.5,41.3,43,47.3,41.5,38
1996,Jun,45.8,46.7,46.7,45.8,45.9,44,47.1,44.3,46.8,43.3,46.9,45.3,41.5,43,47.7,41.7,38.2
1996,Jul,45.8,46.9,46.9,45.8,45.9,44.2,47.1,44.5,46.9,43.6,46.9,45.5,41.6,43.1,47.8,41.7,38.5
1996,Aug,46.3,48.3,47.5,46.3,46.3,44.6,47.4,44.6,47,43.9,46.9,45.3,41.6,43.3,48,41.8,38.6
1996,Sep,46.2,47.3,47.4,46.5,46.2,44.8,47.3,44.8,47,43.9,46.8,45,41.7,43.3,48.1,41.9,39
1996,Oct,46.5,47.2,47.5,46.6,46.3,45.1,47.4,44.5,46.9,43.9,47,45,41.8,43.3,48.1,41.9,39.1
1996,Nov,46.5,47.3,47.4,46.5,46.4,45.2,47.5,44.6,46.9,44,46.9,45,41.7,43.4,48,41.9,39.4
1996,Dec,46.9,47.2,47.6,46.8,46.9,45.6,47.6,44.9,47.2,44,47.1,45.3,41.9,43.6,48.1,42.2,39.7
1997,Jan,47.4,48.3,48.3,47.3,47.2,46.2,48.3,45.1,48.1,44.7,47.3,45.8,42.2,44.4,48.9,42.6,40.4
1997,Feb,47.7,48,48.3,47.5,47.3,46.2,48.3,45.3,48.4,45,47.3,45.8,42.7,44.6,49,42.9,40.5
1997,Mar,48,48.4,48.5,47.5,47.5,46.7,48.4,45.5,48.5,45,47.2,46,42.8,44.9,49.3,43.4,40.6
1997,Apr,48.2,48.6,48.4,47.6,47.5,46.7,48.7,45.7,48.5,45.2,47.3,46.1,42.8,45,49.3,43.3,40.7
1997,May,48.3,48.6,48.4,47.8,47.8,46.7,48.6,45.8,48.5,45.3,47.2,46.1,42.9,45,49.3,43.2,40.8
1997,Jun,48.9,48.4,49.9,48.3,48.7,47,49,46.8,48.7,45.7,47.5,46.2,43.2,45.4,50,43.5,40.9
1997,Jul,49,48.8,50.1,48.6,48.9,47.1,49.2,47.1,48.8,45.8,47.5,46.3,43.2,45.4,50.2,43.5,40.9
1997,Aug,49,48.8,50.3,48.7,49.1,47.1,50.1,47.4,49.8,46,47.6,46.8,43.6,45.6,51.2,43.8,41.1
1997,Sep,49.1,49.3,50.4,48.9,48.3,48.1,50.4,47.5,49.4,46.2,48.1,47,43.9,45.8,51.2,44.1,41.5
1997,Oct,49.4,49.6,50.4,49.2,48.7,47.9,50.4,47.7,49.5,46.6,48.3,47,44.4,46.5,51.2,44.2,41.1
1997,Nov,49.7,50.1,50.9,49.7,49.1,48.6,50.9,48.1,49.7,47.5,48.5,47.6,44.9,46.8,51.3,44.5,41.5
1997,Dec,50.2,50.1,51.1,50.1,49.1,48.8,50.7,48.4,49.9,47,48.5,47.8,45.3,47,51.4,44.7,41.8
1998,Jan,51.2,49.8,51.5,50.2,50.7,49.1,51,48.6,50.3,48.1,48.9,48.3,45.3,47.2,51.8,45,42.5
1998,Feb,51.9,50,52.1,51,51.3,49.8,51.5,49.2,50.9,48.6,49.4,49.5,46.2,48.1,52.6,45.8,43
1998,Mar,52.6,50.2,52.5,51.4,51.5,50.5,51.8,49.4,51.5,49.1,49.5,49.7,46.8,48.6,52.9,46,43.5
1998,Apr,52.8,50.5,52.7,51.4,51.9,50.5,52.1,49.6,51.8,49.2,50,49.8,47.1,49.1,53.2,46.3,43.8
1998,May,54,50.9,53.4,51.9,52.2,50.8,52.2,49.8,52.2,50,50.3,50,47.7,50.2,53.8,46.7,44.1
1998,Jun,54.4,51.6,54.3,52.8,53.4,51.9,53,50.4,53.1,50.5,51.3,50.5,48.2,50.7,54.7,47.4,44.6
1998,Jul,54.2,51.9,54.8,53.2,53.8,52.2,53.3,50.9,53.2,50.5,51.8,51.1,48.5,50.8,55.1,47.5,44.9
1998,Aug,54.3,53,55.1,53.4,54,52.6,53.6,51.1,53.4,50.5,52.1,50.9,48.9,50.3,55.2,47.7,45.3
1998,Sep,54.5,53.3,55.4,53.6,54.4,52.7,54.1,51.4,53.6,50.8,52.7,53.3,48.7,50.6,55,48.5,45.7
1998,Oct,54.7,53.5,56,54,54.6,52.9,53.1,51.4,53.1,51,52.8,53.3,48.4,50.5,54.6,48.2,45.4
1998,Nov,55.5,54.9,57.6,55.6,55.4,53.7,54.8,52.4,53.4,51.3,53.6,53.6,48.9,50.7,54.9,48.7,45.8
1998,Dec,55.5,55.1,57.3,55.9,55.3,53.6,54.7,52.5,53.4,50.9,53.5,53.9,48.8,51,54.8,49.3,45.7
1999,Jan,56.1,55.4,58.5,57.5,56,55.4,55.3,53.1,55.4,51.6,54.9,54.5,49.6,52,55.1,50.2,47.4
1999,Feb,55.9,55.5,58.5,57.4,56,55.6,55.2,53.1,55.7,51.9,55,54.4,50,52.2,55.2,50.6,47.4
1999,Mar,55.9,55.4,57.7,57.2,55.4,55.2,55.2,53.1,55.9,52.2,55,54.5,50.3,52.2,55.1,50.8,47
1999,Apr,55.9,55.3,57.9,57,55.6,55.2,55.1,53,55.9,52.2,54.7,54.4,50.2,52.1,54.9,50.4,47.1
1999,May,55.8,55.3,57.6,56.9,55.7,55.2,55.1,53.1,56,52.6,54.7,54.4,50.3,52,54.8,50.2,47.4
1999,Jun,56.1,56,57.8,57.2,56.3,55.6,55.4,53.6,56.4,53,54.9,55,50.5,52.2,54.9,50.3,47.7
1999,Jul,56,56.3,58.1,57.4,56.5,55.9,55.3,53.9,56.4,53,55,54.9,50.8,52.4,55,50.2,48.1
1999,Aug,56.2,56.4,58.2,57.2,56.5,56,55.1,54,56.6,53.1,55.1,55.1,50.8,52.2,55.1,50.4,48.3
1999,Sep,56.5,57,58.4,57.5,56.9,56.2,55.4,54.3,56.8,53.3,55.6,55.2,51,52.4,55.3,50.5,48.6
1999,Oct,56.7,57.3,58.6,57.8,57.2,56.5,55.2,54.6,56.9,53.6,55.9,55.5,51.2,52.6,55.2,50.6,49.5
1999,Nov,56.8,57.3,58.8,58.1,57.2,56.5,55.5,54.6,57.1,54,56,55.5,51.4,52.6,55.2,50.4,49.9
1999,Dec,56.8,57.6,58.4,58.3,56.9,56.6,55.5,54.8,57.1,54.2,56.1,55.8,51.5,52.6,55.4,50.4,50.1
2000,Jan,59.4,58.5,59.8,60,59,58.2,56.9,56.6,59,55.9,58.6,57.1,53.4,54.9,56.2,51.8,51.1
2000,Feb,59.6,58.9,59.8,59.8,59.1,58.2,57.3,56.9,59,56.3,58.9,57.5,53.9,55,56.3,52.2,51.6
2000,Mar,59.2,58.8,59.7,59.8,59.1,58.3,57.5,57.3,59.1,56.4,58.8,57.4,53.9,55,56.4,52.5,51.6
2000,Apr,59.4,58.7,60,59.7,59.2,58.5,57.9,57.3,59.1,56.6,58.7,57.6,53.9,55,56.6,52.5,51.8
2000,May,59.8,58.8,60,59.6,59.4,58.5,57.8,57.4,59.5,56.8,58.6,57.5,53.9,55.1,56.7,52.5,52
2000,Jun,59.9,59.2,60.4,60.1,59.7,58.6,58.1,57.9,59.7,57.4,58.9,57.8,54.3,55.3,56.9,52.7,52.2
2000,Jul,60.2,59.4,60.7,60.2,60,58.8,58.5,58.2,60,57.8,59.1,57.7,54.7,55.6,57.1,52.8,52.7
2000,Aug,60.5,59.8,61.5,60.6,60.3,59,58.9,58.5,60.3,57.9,59.5,57.9,54.7,55.7,57.2,53.2,53.1
2000,Sep,60.6,59.8,61.2,60.7,60.3,59.2,59.2,58.8,60.4,58.1,59.5,58.3,54.9,55.8,57.1,53.3,53.2
2000,Oct,60.9,60.1,61.7,61,60.9,60.1,59.6,59,60.5,58.5,60,58.3,55.2,56.2,57.5,53.5,53.9
2000,Nov,62,60.6,62.7,61.8,61.5,60.6,60.2,59.6,60.8,59.6,60.2,59,55.5,57,57.7,53.8,54.6
2000,Dec,62.2,61,63.1,62.3,61.8,61.2,60.4,60.1,61.3,59.8,60.9,59.1,56,57.6,58.3,54.2,55
2001,Jan,62.6,61.3,64,63.6,62.2,61.7,61.4,60.7,61.7,60,61.3,59.4,56.6,57.5,58.6,54.7,55.3
2001,Feb,62.9,61.3,63.8,63.5,62,62.1,61.4,60.9,61.9,60.3,61.5,59.6,56.8,57.5,58.7,54.8,55.4
2001,Mar,62.9,61.2,63.8,63.5,61.9,62.2,61.6,60.8,61.7,60.9,61.7,59.2,56.8,57.8,58.8,54.8,56
2001,Apr,63.1,61.1,63.9,63.5,61.9,62.1,61.7,61,61.9,60.6,61.6,59,56.8,57.8,58.7,54.8,56.2
2001,May,63.3,61.7,63.9,63.5,62.2,62.2,61.7,60.9,62,60.7,61.7,59.1,57,57.8,58.9,54.8,56.2
2001,Jun,63.7,61.2,64.4,63.8,62.7,62.9,61.8,61.3,62.9,61.3,62.4,59.6,57.4,58.1,59.2,55,56.4
2001,Jul,64.4,61.6,64.6,63.9,62.8,63.2,62,61.7,63.2,61.4,62.6,60,57.6,58.5,59.3,55.3,56.7
2001,Aug,64.2,62,64.6,64.1,62.8,63.3,62.2,61.7,63.5,61.5,62.6,60,57.7,58.7,59.5,55.5,57
2001,Sep,64.4,62.1,64.9,64,63.1,63.4,62.4,61.9,63.5,61.6,62.7,60.4,57.9,58.7,59.5,55.5,57.1
2001,Oct,64.5,62.1,65,64.2,63.1,63.5,62.6,62,63.7,61.8,62.7,60.4,57.9,58.8,59.6,55.5,57.2
2001,Nov,65,62,65,64.2,63.1,63.6,62.6,62.2,63.7,61.9,62.8,60.5,58.1,59.1,59.7,55.6,57.2
2001,Dec,65.4,61.9,65.1,64.2,63.1,63.6,62.7,62.2,63.9,62,62.9,60.6,58.1,59.4,59.8,55.8,57.4
2002,Jan,65.5,61.9,65.1,64.3,63.4,63.9,62.9,62.3,64.1,62.9,63.4,60.9,58.9,59.4,60.1,55.8,57.5
2002,Feb,65.4,61.8,65.1,63.9,63.2,63.9,62.9,62.5,63.8,62.9,63.4,60.9,58.9,59.3,60.5,55.9,57.5
2002,Mar,65.6,61.9,65.1,64,63.2,64.6,62.9,62.7,63.9,62.9,63.3,60.8,59,59.6,60.6,55.9,57.6
2002,Apr,65.8,61.9,65.3,64.1,63.3,64.7,62.9,62.5,64.1,62.8,63.2,60.8,59.1,59.6,60.7,56,57.6
2002,May,66,62,65.2,64.3,63.4,64.9,62.8,62.5,64.1,62.8,63.1,60.9,59.2,59.5,60.6,56.3,57.9
2002,Jun,65.5,62.1,65.6,64.6,63.7,65,62.9,62.8,64.2,63.3,63.4,61.1,59.1,59.9,60.9,56.3,57.9
2002,Jul,65.5,62.3,67.6,64.8,63.7,65.1,63.3,62.6,64.5,63.6,63.4,62.9,58.9,60.3,61.7,57.3,58.6
2002,Aug,65.7,62.8,67.6,65,64,65.3,64.2,63.1,64.7,63.6,63.6,63.1,59.1,60.6,62.4,57.7,58.6
2002,Sep,65.5,62.6,67.3,65.3,63.6,65.3,64.6,63.3,64.7,64.1,63.9,62.9,59.7,61.2,62.6,57.8,58.9
2002,Oct,65.4,62.6,67.2,65.5,64.2,65.3,64.4,63.5,64.7,64.1,63.9,62.7,59.7,60.4,61.9,57.3,58.7
2002,Nov,65.5,62.8,67.5,65.4,64,65.3,64.4,63.4,64.8,64.4,64.2,62.8,59.8,60.2,61.7,57,58.8
2002,Dec,66.2,62.6,67.6,65.4,63.8,65.3,64.1,63.5,64.9,64.5,64.2,63,60,60,61.9,57,58.9
2003,Jan,66.7,63.2,66.3,65.4,64.1,65.4,64.2,63.3,65.4,64.5,64.1,62.1,60.1,59.9,62,57.3,58.9
2003,Feb,67,63.6,65.7,65.4,64.1,65.6,64,63.4,65.6,64.8,64.3,62.1,60.4,60.3,62.2,57.7,59.1
2003,Mar,67,63.6,65.8,65.5,64.1,65.5,64.1,63.4,65.8,64.9,64.4,62.1,60.4,60.7,62,57.8,59.2
2003,Apr,67,65.1,65.6,65.5,64.4,65.8,64.4,63.8,65.8,66.1,64.7,61.6,60.4,60.8,61.6,58.1,59.3
2003,May,67.1,65.5,65.7,65.6,64.4,65.6,64.6,64,65.7,66.8,64.7,61.8,60.3,60.9,62.1,57.8,59.2
2003,Jun,67.8,65.8,66.4,65.8,65.2,66.3,64.7,64.4,65.9,67.2,64.8,62.1,60.3,61.1,62.5,58,59.5
2003,Jul,67.5,66.5,66.4,66,65.2,66.3,64.8,64.4,66,66.8,64.8,62.2,60.7,61.6,63.3,58.5,59.5
2003,Aug,67.7,66.4,66.7,66.1,65.3,66.5,65,64.6,66.2,66.9,64.8,62.3,61,61.5,63.4,58.4,59.8
2003,Sep,67.7,66.8,66.8,66.1,65.3,66.5,65,64.3,66.1,67,64.8,62.3,61,61.5,63.1,58.7,59.8
2003,Oct,67.8,66.8,67,66,65.3,66.6,65,64.6,66.1,67,64.9,62.2,61,61.2,62.6,58.6,59.8
2003,Nov,68,67.2,66.9,66,65.4,66.8,65.2,64.5,66.2,66.9,65.2,62.1,61.2,61.5,62.7,58.6,59.9
2003,Dec,68.3,67.6,67.2,66.2,65.4,66.9,65.4,64.9,66.3,67.1,65.1,62.3,61.3,61.6,62.8,58.8,59.9
2004,Jan,68.7,67.9,67.4,66.2,66.4,67.3,65.3,65.4,66.6,67.2,65.4,62.7,61.5,62.6,63.4,59,60.2
2004,Feb,68.9,68.3,67.8,66.2,66.2,67.3,65.3,65.9,66.7,67.4,65.8,62.7,61.7,62.9,63.8,59.2,60.2
2004,Mar,69,68.7,68.2,66.4,66.3,67.6,65.5,66.2,67,67.5,66,63.1,62.1,63.2,64.2,59.3,60.5
2004,Apr,69.4,68.9,68.4,66.6,66.5,67.6,65.6,66.5,67.1,67.9,66,63.5,62.3,63.9,65.1,59.8,61
2004,May,69.6,69.3,68.8,67.1,66.9,67.9,65.8,66.8,67.4,68.1,66,63.8,62.8,64.4,65.3,59.9,61.2
2004,Jun,70.4,69.9,69.7,67.8,67.9,68.9,66.6,67.4,68.4,68.5,66.9,65.3,63.5,65.3,66.2,60.7,61.8
2004,Jul,70.8,70.9,71.2,68.8,69.1,69.7,67.3,68.3,69.2,69.7,67.7,65.5,64.5,66.6,67.1,61.9,62.5
2004,Aug,71.1,71.2,71.4,69.1,69.3,70,67.5,68.7,69.6,70.3,68,66.5,65.2,67,67.8,62.6,62.7
2004,Sep,71.1,71.2,71.9,69.3,69.6,70.5,67.8,69,69.7,70.7,68.4,66.6,65.7,67.1,67.7,63.5,63.1
2004,Oct,71.4,71.1,72,69.8,69.7,70.8,68,69.1,70,71,68.7,66.9,65.7,67.4,67,63.8,63.3
2004,Nov,72.5,71.1,72.3,70.1,69.7,71.1,68.4,69.6,70.3,71,69,66.9,65.9,67.5,67.2,64.3,63.4
2004,Dec,73.2,71.4,73,70.4,70.4,71.5,68.9,69.9,70.3,71.2,69.3,67,66.1,67.8,67.5,64.5,63.5
2005,Jan,74,71.9,73.4,70.7,71.2,71.9,69.2,70.2,70.8,71.3,69.5,67.3,66.3,68.2,68.1,64.7,63.9
2005,Feb,74,72.1,73.9,70.7,71.1,72.2,69.4,70.4,71.2,71.5,69.6,67.4,66.7,68.6,68.4,65.4,64.1
2005,Mar,74,72.3,74.2,71.2,71,72.3,69.5,70.6,71.4,71.8,70.1,67.7,67.2,68.9,68.6,65.7,64.4
2005,Apr,74.4,72.5,74.7,71.1,71.3,72.5,69.8,70.6,72,72.2,70.2,68,67.5,69.9,69.1,66.2,64.9
2005,May,74.7,73.2,75,71.4,71.5,72.7,70.4,70.8,72.7,72.4,70.3,68.8,67.9,70.3,69.8,66.5,65.6
2005,Jun,75.6,73.6,75.3,71.8,71.8,73,70.9,71.1,73,73.1,70.8,69.4,68.3,70.4,70.1,66.6,66.1
2005,Jul,76.4,74.3,76.5,72.3,72.3,73.4,71.5,71.9,73.5,73.7,71.1,69.9,68.8,70.5,70.4,66.9,66.3
2005,Aug,76.5,75,77.2,72.7,72.5,73.7,72.1,72.4,73.8,74.1,71.6,70.3,69.1,70.7,71.1,67.3,66.5
2005,Sep,76.6,75.6,77.6,72.9,72.9,73.9,72.5,72.9,74.1,74.5,71.8,70.5,69.3,70.7,71.1,67.5,66.7
2005,Oct,77.1,76.1,78.1,73.3,73.1,74.3,72.5,73.2,73.9,74.8,72.2,70.5,69.3,70.6,71.1,67.7,67
2005,Nov,77.5,76.7,78.8,73.7,73.8,75,73,73.5,74.2,75.2,72.8,70.8,69.6,70.8,71.2,68.3,67.3
2005,Dec,77.9,76.6,78.9,74.2,73.8,75.1,73.2,73.7,74.2,75.5,73.1,71.1,69.9,71.3,71.3,68.3,67.8
2006,Jan,78.6,77.3,79.2,74.5,74.7,75.7,73.6,74.6,74.8,76.1,73.4,71.2,70.1,72.4,72.1,69,68.7
2006,Feb,79.4,77.4,79.3,75.1,75,76.2,73.8,74.9,75,76.8,74,72.2,70.9,73.1,72.5,69.6,69.8
2006,Mar,79.7,77.5,80,75.4,75.1,76.4,74.3,74.9,75.1,77,74.3,72.6,71.4,73.4,72.8,69.8,70.1
2006,Apr,79.7,77.5,80.2,75.5,75.2,76.5,74.5,75.1,75.2,77.2,74.1,72.9,71.7,73.6,73.1,69.8,70.2
2006,May,79.7,77.7,80.2,75.7,75.5,76.7,74.8,75.2,75.5,77.7,74.3,73.5,72,73.7,73.3,70.1,70.5
2006,Jun,80.5,78.2,80.5,76,75.7,77,75.1,75.4,76.1,77.9,74.6,73.8,72.5,74,73.8,70.4,70.8
2006,Jul,81,78.3,80.9,76.2,76,77.2,75.2,75.5,76.3,77.9,74.9,74,72.7,74.1,73.8,70.4,70.9
2006,Aug,81,78.2,81.8,77,76.4,77.3,75.5,75.8,76.5,78,75.2,74.3,72.9,74.2,74.1,70.6,71
2006,Sep,80.8,78.5,81.4,77.1,76.5,77.5,75.7,75.8,76.3,78.2,75.4,74.4,73,74.1,73.9,70.6,71.1
2006,Oct,81.2,78.5,81.5,77.1,76.5,77.8,75.8,76.1,76.4,78.2,75.5,74.4,73.2,73.8,73.9,70.8,71.5
2006,Nov,81.4,78.7,81.7,77.5,76.6,78.1,75.9,76.4,76.3,78.3,75.9,74.4,73.4,73.9,73.7,70.8,71.1
2006,Dec,81.6,78.4,81.8,77.7,76.6,78.2,76,76.6,76.3,78.4,75.9,74.2,73.7,73.9,73.9,70.9,71.1
2007,Jan,81.8,79.9,82,78,77.1,78.7,76.6,77.9,76.8,78.6,76,74.9,73.8,74.4,74.2,72.1,71.4
2007,Feb,81.4,79.9,81.7,77.7,77,78.7,76.6,78,76.7,78.6,76.1,75.2,74,74.9,74.6,72.3,71.8
2007,Mar,81.4,80,81.6,77.3,76.9,78.7,76.6,77.9,76.8,78.6,76.2,75.4,74.3,75.2,74.7,72.5,72.1
2007,Apr,81.4,80,82,77.4,77,78.8,76.6,77.9,77.1,78.6,76.1,75.6,74.8,75.3,75.1,72.6,72.2
2007,May,81.8,80.2,82,77.4,77.2,79,76.8,77.9,77.3,78.8,76.2,75.8,75,75.5,75.4,72.7,72.5
2007,Jun,82.2,80.4,82.5,77.8,77.6,79.3,77.1,78.1,77.6,79.5,76.5,76.2,75.6,75.7,76.1,73.2,72.8
2007,Jul,83.3,80.6,82.8,78,77.7,79.9,77.4,78.3,77.9,79.9,76.9,76.3,75.8,75.9,76.4,73.5,73.5
2007,Aug,83.4,80.7,82.9,78.1,77.8,79.9,77.5,78.4,78.2,79.9,76.9,76.5,75.8,76.1,76.5,73.5,73.3
2007,Sep,83.2,80.9,83.1,78.7,78.1,80,78.1,78.7,78.4,80,77.2,76.8,75.9,76.3,76.4,73.6,73.7
2007,Oct,83,81.2,83.7,78.8,78.4,80.2,78.7,79.2,78.6,80.2,77.3,76.8,76.2,76.4,76.4,73.9,73.4
2007,Nov,83.4,81.5,83.9,79.1,78.8,80.6,79,79.8,78.8,80.5,77.8,77.8,76.8,76.5,76.6,74.4,74
2007,Dec,84.1,82,84.4,79.7,79.2,81,79.4,80.2,79.2,80.7,78.5,78.4,77.7,77.2,77.2,74.9,74.4
2008,Jan,84.5,83.3,85.1,81.1,81.7,82.1,80,81.9,80.2,81.8,79.5,81.3,78,78.9,78.3,77.9,75.7
2008,Feb,84.3,83.7,85.4,80.9,82,82.3,80.3,82,81,82.3,80.3,81.9,79,79.5,78.9,78.7,76.2
2008,Mar,85.3,83.9,85.3,81.9,82.6,82.7,80.8,82.6,81.6,82.5,81.1,82.2,79.3,80,79.7,79.5,76.7
2008,Apr,86.7,84.4,87.1,82.9,83.4,84.1,83.1,83.3,82.9,84,82.6,82.8,80.3,81.7,82,80.2,77.8
2008,May,87.7,85.2,87.8,84.1,84.4,84.5,83.9,83.8,83.9,84.4,83.5,85.8,82.5,82.7,83.3,81.7,80.6
2008,Jun,88.7,86,89.3,85.7,85.4,85.3,85.1,85,84.7,85.6,85.6,87.4,85.2,86.4,87.6,84.2,82.6
2008,Jul,89.5,86.8,90.1,87,86.5,86.2,85.5,86.3,86.6,87.2,88.8,90.3,86.8,86.5,86.3,85.2,84.1
2008,Aug,89.7,88.1,91.1,87.7,87,86.8,86.6,86.7,87.5,87.6,89.7,89.6,86.8,85.2,85.6,85.5,84.3
2008,Sep,89.5,88.4,91.7,87.3,87,87.1,86.3,86.8,87.7,87.3,89.3,87.4,86.4,84.5,84.9,85.1,83.9
2008,Oct,89.2,88.4,90.9,86.9,87,87.3,85.7,86.9,87.6,86.5,89.2,87.6,86,84.7,84.4,84.9,83.4
2008,Nov,89,87.9,90.9,86.4,86.7,87.4,85.4,86.8,87.6,86,88.9,87.1,86,84.2,84.6,84.7,83.3
2008,Dec,88.3,87.8,90.5,86.6,86.4,86.9,85.1,86.6,87.5,85.6,88.3,86.6,85.7,84.2,84.7,84.5,83.3
2009,Jan,89.1,87.9,90.5,86.8,87.8,87.6,85.5,88.1,88.2,86.6,88.6,87.1,85.8,84.8,85,84.6,83.3
2009,Feb,89.1,88.5,91.1,87.3,88.1,87.9,86,88.4,88.2,87.2,89.4,87.1,86.6,86.7,86.6,85.8,84.6
2009,Mar,89.1,88,91.4,87.8,87.6,88.1,86.1,88.6,88.3,87.1,89.5,88,86.8,87.3,87.4,86,84.7
2009,Apr,90,88.3,91.7,88,88.5,88.5,86.8,88.7,88.6,87.3,89.7,88.2,87.3,87.6,87.8,86.5,84.5
2009,May,89.8,88.7,91.6,88.4,88.6,88.4,86.8,89,88.7,87.3,89.9,88.4,87.4,87.5,88.1,86.5,84.8
2009,Jun,90.1,89.1,92,89.1,89.2,88.8,87.1,89.4,89.2,87.7,90.3,88.6,87.6,87.5,88.6,87,85.5
2009,Jul,90.3,89.2,92.5,89.3,89.5,88.9,87.5,89.6,89.5,87.7,90.7,88.5,87.8,87.5,88.7,87.2,86
2009,Aug,90.2,89.7,92.4,89.5,89.7,89.1,88.2,89.7,89.5,87.9,90.5,88.5,87.6,87.7,89.1,87.2,86
2009,Sep,90.4,90,92.7,89.5,90.1,89.6,88.1,89.9,89.4,88.2,90.8,88.1,87.8,88,88.9,87.1,86.2
2009,Oct,91.2,90.6,92.8,90.3,90.8,89.9,88.3,90.3,88.9,88.4,90.8,88.6,87.9,87.9,88.8,87.9,86.2
2009,Nov,91.2,90.9,94.4,91.2,91.4,90.4,88.7,90.7,89.3,88.9,91.2,89.1,88.6,88.5,88.9,88.2,86.8
2009,Dec,91.6,91.1,94.5,91.6,91.5,90.8,89.3,91,89.8,89.1,90.7,89.3,89.2,89.5,89.3,88.8,88.6
2010,Jan,91.8,92.5,94.4,91.7,91.1,90.7,90.3,91.9,90.6,89.2,91.8,90.6,90.1,90.2,90.1,89.8,89.3
2010,Feb,92.3,92.5,94,92.4,91.1,91.7,90.8,92.1,91,89.8,92.3,90.9,89.7,90.6,90.7,89.2,89.5
2010,Mar,92.8,92.6,93.8,92.5,90.8,92.1,91,92.1,91.2,89.8,92.5,91.1,89.9,90.3,91.2,89.9,89.7
2010,Apr,93.7,92.6,94.1,92.9,91.4,92.8,91.1,92.5,91.4,89.8,92.4,91.5,90.5,91.1,91.6,90,89.7
2010,May,92.9,93.1,94.2,93.1,91.5,92.4,91.1,92.5,91.7,89.9,92.5,91.9,91,91.5,92.1,90.2,89.8
2010,Jun,93.2,93.3,94.4,92.8,91.8,92.6,91.4,92.7,91.7,90.5,92.7,92.1,91.4,92.3,92.7,90,90.5
2010,Jul,93.6,93.4,94.6,93.1,92,93,91.8,93.1,92,90.8,93,92,91.5,92,92.8,90.8,90.5
2010,Aug,94.1,94,94.7,93.3,92.3,93.5,92.6,93.2,92.4,91.1,93.2,92.1,91.6,92.5,93.4,90.7,91.2
2010,Sep,93.6,94.1,95,93.5,92.4,93.2,93,93.4,92.6,91.8,93.3,92.3,91.8,93,93.8,90.8,91.9
2010,Oct,93.4,94,94.8,93.5,92.3,92.8,93.4,93.5,92.4,92.4,93.3,92.1,91.7,93.2,94,90.9,92
2010,Nov,95.1,94.8,95.8,95.9,92.8,93.9,94.2,93.9,92.6,92.3,93.6,92.3,92,93.5,94.2,91.3,92.3
2010,Dec,95.1,94.9,95.9,96.6,93.4,94.2,94.6,94.9,93.1,92.7,94.2,92.6,92.3,93.9,94.3,91.6,92.4
2011,Jan,95.3,95.2,96.7,96.9,94,94.7,95.6,95.8,94,93.2,94.8,93.6,93.2,94.6,95.2,92.5,92.7
2011,Feb,96.5,95.5,97.1,96.7,95.1,96.2,96.4,96.1,94.9,94.3,95.7,95.6,94.4,96,96.2,94.2,94.1
2011,Mar,96.4,95.6,97.7,97,95.5,96.5,96.7,96.3,95.1,94.5,96.3,96.7,95,96.5,96.4,94.9,95.9
2011,Apr,96.9,95.9,98.2,97.3,96,97,97,96.7,95.5,94.6,96.7,97.6,95.5,97.1,96.8,95.5,96.3
2011,May,97,96.1,98.4,97.5,95.9,97,96.5,96.7,95.6,95,97.2,97.6,95.8,97.9,97.5,95.8,97
2011,Jun,97.6,96.4,98.1,97.2,96.7,97.7,96.8,97.3,96.1,95.2,97.5,97.9,96.2,98.2,97.6,96.4,97.5
2011,Jul,97.4,96.6,98.5,97.4,97,97.6,96.7,97.4,96.1,95.3,97.7,97.9,96.5,98.2,98.1,96.8,98
2011,Aug,97.3,96.6,98.2,97.1,97.3,97.8,97.2,97.7,96.7,95.4,97.8,98.2,96.5,98.6,98.1,96.9,98.3
2011,Sep,97.4,96.8,98.5,97.2,97.6,97.8,97.4,97.9,97,95,97.8,97.9,96.5,98.7,97.9,96.7,98.2
2011,Oct,98,97.3,99,98.6,98.3,98.2,97.7,98,97,95.1,97.8,98,96.7,98.3,97.9,96.6,98.4
2011,Nov,98.3,97.8,99.5,98.9,98.3,99,98,98.6,97.3,95.2,97.8,98.3,97.5,98.2,98.2,96.9,98.5
2011,Dec,98.1,97.7,99.8,98.9,98,98.6,98,98.7,97.5,95.6,97.9,98.5,97.8,98.3,98.2,96.9,98.7
2012,Jan,98.6,98.4,99.6,98.5,98.9,99,98.4,98.7,98.3,96.5,98,98.4,97.9,99.2,98.7,98.5,98.4
2012,Feb,98.9,98.5,99.5,98.6,98.8,99,98,98.7,98.5,96.7,98.2,98.5,98.3,99.5,98.9,98.8,98.8
2012,Mar,99.1,98.1,99.6,98.7,99.2,99.1,98.3,98.9,98.6,96.8,98.8,99.3,98.6,100,99.2,99,99.1
2012,Apr,99.5,98.6,99.9,99.9,99.8,99.9,99.3,99.7,99.4,98.8,99.5,99.3,99.4,100,99.7,99.9,99.2
2012,May,99.2,99,100,99.9,99.6,99.6,99.3,99.6,99.6,99.3,99.3,99.3,99.5,100,99.9,99.9,99.2
2012,Jun,99.7,99.6,99.6,100,99.6,100,100.2,99.6,99.8,100.6,99.8,99.9,99.8,99.6,100.3,100.1,99.4
2012,Jul,100.2,100.2,100,99.9,99.8,100.3,100.3,99.9,99.8,101.2,100.6,100.3,100.3,99.4,100.3,100.1,100.1
2012,Aug,101.5,101.1,100.3,100.2,100.5,100.9,101.2,100.8,100.9,101.8,101,101,100.9,99.9,100.6,100.4,100.8
2012,Sep,100.8,102,100.7,101.2,101.2,100.6,100.8,101.1,101.1,102.1,101.2,100.9,101.1,100.2,100.6,100.8,101
2012,Oct,100.8,101.4,100.3,101,101,100.6,101.1,101.1,101.3,102.1,101,100.9,101.2,100.4,100.5,100.9,101.2
2012,Nov,100.8,101.8,100.2,100.9,100.8,100.7,101.5,100.9,101.4,102,101.3,100.8,101.3,100.8,100.7,100.7,101.2
2012,Dec,100.7,101.2,100.2,100.9,100.7,100.3,101.4,100.9,101.4,102,101.5,101.2,101.6,101.1,100.8,100.9,101.5
2013,Jan,101.1,101.4,100.2,101.3,101.8,100.9,101.9,101.6,102,102.3,101.9,101.6,102.2,101.4,100.8,101.4,101.7
2013,Feb,101,101.9,100.8,101.5,101.9,101.1,101.6,102.1,102.3,103,102.4,102.4,102.6,102,101.2,101.5,102.5
2013,Mar,100.9,102,100.7,101.8,101.7,101.2,101.1,102.3,102.1,103.1,102.5,102.3,102.7,102.2,101.9,101.7,102.8
2013,Apr,100.9,102.1,100.7,102.2,101.8,101.5,101.2,102,102.2,103.2,102.3,102.3,103,102.3,102.1,101.5,102.8
2013,May,100.9,102.2,101.2,102.4,101.9,101.5,101.2,102.1,102.4,103.3,102.6,102.4,103.5,102.3,101.8,101.6,102.8
2013,Jun,101.4,102.9,101.9,103.1,102.7,102.2,101.6,102.6,102.8,103.9,103.4,102.9,103.8,102.4,102.2,101.7,103.3
2013,Jul,101.4,103.2,102.2,103.2,102.9,102.5,102,102.7,103.2,104.3,103.5,103.8,104.3,102.4,102.8,101.9,103.6
2013,Aug,101.4,103.1,102.3,103.2,103,102.5,102.3,102.7,103.8,104.9,103.8,104.5,104.6,102.3,103.7,102.2,103.9
2013,Sep,102,103.6,102.6,104.2,103.3,103.1,103,104,104.1,105.1,105.5,104.6,105.4,102.5,104.4,103.1,104.3
2013,Oct,101.9,103.8,103.1,104.3,103.6,103.2,103.5,104,104,105.2,106,104.9,105.4,102.7,104.2,103.5,104.6
2013,Nov,102.7,103.7,103.3,105,103.7,103.9,103.4,104.5,104.3,105.9,106.5,105.7,105.8,102.8,104.5,104,105
2013,Dec,103.3,104.5,103.6,106.4,104.8,104.5,103.8,105.7,105.4,106.6,108.6,106.1,106.4,103.1,105.1,104.4,105.3
2014,Jan,103.7,105.5,104.9,106.5,105.5,104.6,104.7,106.6,106,107.2,109.8,106.3,106.7,103.3,105.2,105.2,105.7
2014,Feb,103.8,105.6,104.8,106.2,105.5,104.7,104.7,106.9,106.1,107.3,110.9,106.9,107.3,103.4,105.3,106.1,106.2
2014,Mar,103.7,105.3,104.1,106,105.2,104.6,104.3,106.3,106,107.7,110.8,107.2,107.1,103.7,106,105.6,106.3
2014,Apr,104,105.2,104.5,106.2,105.6,105.3,104.5,106.4,106.5,108.2,110.4,106.8,107.3,103.9,106.4,105.8,106.5
2014,May,104.4,106,105.4,106.8,106.1,105.3,105.1,106.7,106.7,108.7,110.3,107.2,107.5,104.2,107.7,106.2,107.1
2014,Jun,104.6,106.7,106,107.3,106.3,105.6,105.6,107.1,107.5,109.1,110.4,107.5,108,105,108.6,106.5,107.7
2014,Jul,105.1,107.7,106.4,107.9,106.9,106.1,106.2,107.5,108.5,109.6,111.1,108.3,108.3,104.8,109.4,106.7,108.4
2014,Aug,105.5,108.1,106.7,108.2,107,106.4,106.7,108.3,108.3,109.8,111.1,109.1,108.3,104.7,109.6,107.4,108.9
2014,Sep,105.1,108.4,107.4,108.6,107.5,106.5,107.1,108.7,108.5,109.8,111.4,109.6,108.2,105.3,109.5,107.2,108.9
2014,Oct,105.1,108.5,107.2,108.3,107,106.5,107.3,108.5,108.2,110.4,111.3,109.6,108,106,108.6,107.4,109.2
2014,Nov,104.7,108.4,107,108.1,107,106.3,107.3,108.1,108.6,110.8,111,109.3,107.8,105.9,108.2,107.4,109.2
2014,Dec,104.2,107.7,106.3,107.6,106.6,105.9,107.4,107.8,108.3,110.4,111.2,109.4,107.8,105.9,108.2,107.6,109.1
2015,Jan,104.2,107.6,106.4,107.7,106.4,105.9,107.5,108.2,108.8,110.3,111.7,109.7,108.2,105.6,108.1,108.8,109.2
2015,Feb,104.7,107.4,105.8,107.2,106.3,106,107.4,108.1,108.7,110.1,111.8,109.4,108.3,106,107.7,109.5,109.2
2015,Mar,104.5,107.5,106,107.2,106.4,105.9,106.9,107.7,108.7,110.3,111.8,109.7,108.3,106.3,108.3,109.6,109.3
2015,Apr,104.7,107.6,106.5,107.3,106.4,106.1,107.2,108,108.8,110.3,111.6,109.9,109,106.8,108.7,109.3,109.5
2015,May,104.3,107.4,106.5,107.8,106.6,105.9,107,107.5,108.9,110.4,111.6,109.9,109.8,107,108.9,109.4,109.7
2015,Jun,104.2,107.9,106.6,107.6,106.5,105.8,107,107.3,108.8,110.3,111.3,110.1,110.2,107.1,109.1,109.2,109.5
2015,Jul,104.7,107.9,106.7,108,106.5,105.8,107.2,107.6,109,110.3,111.5,110.4,110.2,107.3,109.3,109.5,110.2
2015,Aug,104.5,108.3,107,108,106.8,105.9,107.3,107.7,109,109.9,111.4,110.2,110,107.1,109.1,109.1,110.1
2015,Sep,104.1,108.4,106.9,108.3,106.6,105.5,107.6,107.6,108.9,110.1,111.4,110.4,110.1,106.3,109.1,109,110
2015,Oct,104.1,108.4,106.6,108.2,106.6,105.6,107.5,107.9,109.6,110.4,111.7,110,110.1,106.7,109,109.1,110.7
2015,Nov,104.4,108.8,106.7,108.6,107.2,106.1,108,108.1,109.9,110.7,111.7,110.4,110.2,107.3,109.1,109.3,110.6
2015,Dec,104.5,109,107.2,108.7,107.1,106.4,108,108.1,110.1,111.4,111.6,109.9,110.4,107.8,109.5,109.9,110.7
2016,Jan,104.1,109,107.3,109.3,107.2,106.5,108.9,108.7,110,111.5,111.7,110.2,111,107.8,109.9,109.9,110.7
2016,Feb,104.3,108.8,107.1,108.8,106.8,105.9,109.2,108.5,109.7,111.3,111.6,110.6,111,107.7,110,109.9,110.7
2016,Mar,104.1,108.7,107.1,108.5,106.7,105.9,109,108.3,109.4,111.6,112.1,110.4,111.1,108.1,110.4,110,110.8
2016,Apr,104.4,109.1,106.8,108.7,107,106.1,108.9,108.4,109.6,112,111.8,111.5,111.6,108.6,111,110.4,111.1
2016,May,104.6,109.2,106.8,109.1,107.5,106.1,108.9,108.7,109.6,112.4,112.2,112.3,112.2,108.7,111.3,110.9,111.7
2016,Jun,104.9,109.7,107,109.3,108.2,106.9,109.3,108.8,109.9,112.6,112.5,112.4,112,108.8,112.1,110.9,112
2016,Jul,105.2,110,107.2,109.8,108.9,107.1,109.2,108.6,110.2,112.6,112.5,113,112.4,108.8,112.4,110.9,112.2
2016,Aug,105.2,109.6,107.2,109.7,108.8,107.1,109.3,108.7,110.2,112.6,113.2,113.3,112.6,108.5,112.4,111,112.3
2016,Sep,105.5,110.1,107.5,109.8,109.1,107.2,109.9,108.9,110.4,112.2,113.3,112.9,112.3,108,112.3,111.1,112.3
2016,Oct,105.8,110.5,107.9,110.2,109.2,107.4,110.3,109.4,110.8,112.7,113.6,113.3,112.7,107.9,111.6,111,112.5
2016,Nov,106.1,111.3,108.6,111.9,110.7,108.1,110.4,109.9,111.2,113.1,114,113.7,113,108.9,111.3,110.9,112.7
2016,Dec,106.7,111.3,108.7,111.7,111,108.3,110.6,110.3,111.7,113.6,114.9,113.8,113.8,109.4,111.7,111.3,113.3
2017,Jan,106.7,111.1,109.1,111.9,111.5,108.8,111.1,110.7,111.5,114.3,115.3,115.3,114.6,110.3,112,111.8,113.9
2017,Feb,107.8,111.4,109,111.7,111.4,109.3,111.6,110.5,111.7,114.4,115.9,115.4,114.6,110.7,112.5,112.3,114.2
2017,Mar,108.2,111.3,108.9,111.3,110.8,109.8,111.4,110.1,111.5,114.1,115.3,114.6,114.5,110.8,112.8,112.5,114.5
2017,Apr,108.6,111,108.9,111.6,111.4,109.9,111.8,110.5,111.6,114.6,116.2,114.8,115,111.4,112.7,112.9,115.1
2017,May,108.6,111,109.3,111.8,111.5,109.8,110.8,110,111.5,114.7,116.2,114.9,115.1,111.1,113,113.2,115
2017,Jun,108.2,111.5,109.5,112.1,111.7,109.5,111.1,109.8,111.6,114.8,116.2,115.2,115.1,111.4,113.5,113,115.2
2017,Jul,108.3,111.5,109.4,112,111.9,109.5,111.7,109.6,111.7,115.1,116.1,115.6,115.2,111.5,113.4,112.4,115.8
2017,Aug,108.7,112.1,109.7,112.3,112,109.8,112.2,109.6,111.9,115.5,116.6,116,115.5,111.9,114,112.7,116
2017,Sep,110.1,112.3,110.2,113,112,110.5,112.4,110,112.5,115.7,117.3,116.2,116.1,112.3,114,112.9,116.3
2017,Oct,110.3,112.6,110.4,113.1,112.3,110.8,112.4,110.3,112.8,116.2,117.3,116.7,116.3,112.9,114.4,113.2,116.6
2017,Nov,110.9,112.9,110.5,113.9,112.6,111.3,112.9,110.9,113.4,116.1,118.4,116.8,116.5,113.5,115,113.4,117.6
2017,Dec,111.2,113.2,110.5,114.1,112.8,111.4,113.5,112.1,114.1,116.3,118.7,116.9,117.3,113.9,115.9,113.8,118.1
2018,Jan,111.7,113.7,112.5,115,113.4,112,114.9,114.1,115.8,117.7,119.9,119.8,118.5,115.1,117.4,114.7,119.9
2018,Feb,112.9,114.3,113.1,116,113.7,113.1,115.4,114.8,116.6,118.7,120.9,121,119.1,115.2,118,115.3,121.1
2018,Mar,113.8,114.5,113.7,116.1,113.9,113.7,115.7,115.8,116.8,120,121.9,121.4,119.4,115.3,118.2,115.7,121.5
2018,Apr,114.3,114.7,114.1,116.4,114.1,114.2,115.9,116.6,117.5,121.3,122.5,121.8,119.6,116.2,118.6,116.5,121.9
2018,May,113.9,115.2,114.5,116.8,114.4,114.2,115.6,117,117.6,121.6,122.9,121.9,120.2,116.6,119.1,116.7,122
2018,Jun,114.5,115.8,115.8,117.6,115,114.7,115.6,117.4,118.4,122.1,123.5,122.9,120.7,117.4,120.2,117.1,124.1
2018,Jul,115.3,116.1,115.8,118.6,114.9,116,116.1,117.7,118.6,122.6,122.9,122,121.4,118.4,120.8,117.3,124.5
2018,Aug,116.3,116.7,117.2,120.3,116,116.5,117.1,119.5,120.2,122.8,123.7,123.4,122.5,119.8,123,118.1,125.4
2018,Sep,117,117.9,119.7,121.6,117,117.4,120.5,121.1,121,123.8,124.9,125.2,124.1,121.2,123.4,119.8,126.8
2018,Oct,117,118.5,119.9,122.2,117.2,117.6,122.3,121.2,121.5,123.9,125.4,125.6,125.1,121.7,123.4,120.2,126.3
2018,Nov,117.1,118,119.3,121.9,117.6,117.7,121.5,120.8,121,123.1,124.5,125.2,124.5,120.6,122.9,119.7,126.7
2018,Dec,116.5,117.1,118.2,120.9,117.3,116.8,121,119.9,120.6,122.5,123.9,124.6,124,119.9,122.4,118.6,126.9
2019,Jan,116.8,117.2,118.1,121.2,117.6,116.8,121.3,120.3,120.5,122.9,124.7,124.1,124,120.5,123.5,119,127.2
2019,Feb,117.2,117.2,118.3,120.2,117.7,117.4,121.4,120.6,120.5,122.8,124.7,124,124.1,120.4,123,119.1,125.8
2019,Mar,117.4,117.4,118.2,119.5,117.7,117.4,121.1,120.3,120.5,122.6,124.5,123.8,124.3,120.2,122.9,119.1,126.1
2019,Apr,117.8,117.7,118.2,120.2,117.8,117.7,121.1,120.5,120.7,122.9,124.9,123.8,124.8,120.7,123.4,119.5,126.4
2019,May,117.8,117.9,118.7,121,118.1,117.8,121,120.9,121.1,123.4,124.9,123.7,125.6,120.9,123.6,119.6,127
2019,Jun,117.9,117.8,118.7,120.8,118.3,117.6,121.6,120.9,121.4,123.5,125.4,123.7,125.2,121.1,124.2,119.4,127.5
2019,Jul,118,118.5,119,121.2,118.6,118.6,121.8,121,121.8,123.9,124.7,123.7,125.1,120.9,124.5,119.3,127.1
2019,Aug,117.9,119,119.3,121.1,119.3,118.5,122.5,121.2,122.4,124,124.3,124,125.3,121.6,124.8,119.4,127.6
2019,Sep,118,119.4,119.5,121.7,119.5,118.6,123.2,121.4,122.7,124,124.8,123.6,125.3,121.6,124.4,119.4,127.6
2019,Oct,118.5,119.9,119.7,121.6,119.9,119.2,123.6,122.1,122.8,123.8,124.5,124,125.4,120.8,124.2,119.7,127.6
2019,Nov,118.8,120,119.9,121.8,120.2,119.4,123.7,122.6,122.7,124.4,125.3,124.6,125.9,121.5,124.6,120.5,127.6
2019,Dec,119.8,120.4,120.9,122.8,120.7,120.4,124.1,123.9,123.2,125.2,125.8,126,125.7,122.3,125.1,121.2,127.9
2020,Jan,119.9,120.5,121.2,123.6,121.7,120.9,125.2,125,124.4,126.1,127.2,128.4,126.6,123.1,126.3,122.1,128.5
2020,Feb,119.5,120.8,121.5,123.4,121.5,120.5,125.3,124.9,124.5,125.9,127.1,127.7,126.9,123.3,126.5,122.2,128.5
2020,Mar,119.4,120.8,121.3,122.8,121.2,120.1,124.9,124.2,124.1,126.1,127.2,127,126.8,122.9,126.8,122.6,129
2020,Apr,119.2,121.5,121.3,123.2,120.9,119.9,124.7,124.2,124.8,125.9,127.1,126.9,126.5,123.4,127.9,122.8,129.8
2020,May,119.4,121,121.3,123.4,120.9,119.9,124.7,124.4,124.5,126.1,127.1,127.3,126.8,123.2,128.1,122.7,130.5
2020,Jun,120.2,121,121.7,124.4,121.5,120.4,125.6,126.1,125.3,126.8,126.8,127.3,127.1,123.4,128.1,122.9,130.8
2020,Jul,120.6,121.2,122.2,124.6,122.8,122,125.3,126.1,125.7,126.7,126.8,127.1,128.1,122.4,128.4,122.6,131
2020,Aug,120.5,121.4,122.4,124.6,122.4,121.7,126.3,126,125.7,125.6,127.1,126.6,128,121.9,127.8,122.9,130.7
2020,Sep,120.6,121.3,122.5,125.2,122.4,121.7,127.1,126.9,126.1,125.4,127.1,126.3,128.6,122.6,128,123.2,130.5
2020,Oct,121.5,121.7,122.9,125.3,122.8,122.3,127.3,127.1,125.9,125.4,126.9,126.4,128.7,123.2,128.3,123.4,130.7
